<?xml version="1.0" encoding="utf-8"?>
<extension type="module" version="2.5.0" method="upgrade">
    <name>How many article</name>
    <creationDate>11.11.2013</creationDate>
    <author>Suhih Y.</author>
    <authorEmail>Satoru@ukr.net</authorEmail>
    <authorUrl></authorUrl>
    <copyright></copyright>
    <license></license>
    <version>0.0.1</version>
    <description>helloworld description</description>
    <files>
        <filename module="mod_article">mod_article.php</filename>
        <filename>mod_article.xml</filename>
        <filename>index.html</filename>
    </files>
    <config>
        <fields name="params">
            <fieldset name="basic">
                <field
                        name="mycategory"
                        type="category"
                        extension="com_content"
                        label="Select a category"
                        description="" />
            </fieldset>
            <fieldset name="advanced">

            </fieldset>
        </fields>
    </config>
</extension>